{
    "telemetry.machineId": "50e985b04cb3b4fe5591c169443b6c55b13787f8a20fcc42b979c13065fced56",
    "theme": "vs-dark",
    "themeBackground": "#1e1e1e",
    "pickerWorkingDir": "/var/www/html/acharya",
    "openedPathsList": {
        "workspaces2": [
            "file:///var/www/html/acharya/API",
            "file:///media/mohit/Education/satwic/project/project_repository/backend/RepositoryAPI"
        ],
        "files2": []
    },
    "windowsState": {
        "openedWindows": [],
        "lastActiveWindow": {
            "folderUri": {
                "$mid": 1,
                "fsPath": "/var/www/html/acharya/API",
                "external": "file:///var/www/html/acharya/API",
                "path": "/var/www/html/acharya/API",
                "scheme": "file"
            },
            "backupPath": "/media/mohit/Education/satwic/project/project_repository/backend/RepositoryAPI/~/.vscode-root/Backups/18e5de1648557fec291adadd145b788b",
            "uiState": {
                "mode": 1,
                "x": 171,
                "y": 24,
                "width": 1024,
                "height": 681
            }
        }
    }
}